adjudication_item_id 仲裁编号,sample_id 样本编号,condition 条件类型,image_path 图像路径,prompt 评估提示词,target_anomaly 目标异常
ADJ001,A1_A,ambiguous,image/A1.png,An imaginative portrait of a mysterious performer with unusual hands and an artistic studio atmosphere.,six fingers / extra fingers
ADJ002,A2_A,ambiguous,image/A2.png,An imaginative portrait of a mysterious performer with unusual hands and an artistic studio atmosphere.,six fingers / extra fingers
ADJ003,A3_A,ambiguous,image/A3.png,An imaginative portrait of a mysterious performer with unusual hands and an artistic studio atmosphere.,six fingers / extra fingers
ADJ004,A4_A,ambiguous,image/A4.png,An imaginative portrait of a mysterious performer with unusual hands and an artistic studio atmosphere.,six fingers / extra fingers
ADJ005,A5_A,ambiguous,image/A5.png,An imaginative portrait of a mysterious performer with unusual hands and an artistic studio atmosphere.,six fingers / extra fingers
ADJ006,B1_A,ambiguous,image/B1.png,A creative poster using expressive typography and distorted letterforms.,illegible or distorted text
ADJ007,B2_A,ambiguous,image/B2.png,A creative poster using expressive typography and distorted letterforms.,illegible or distorted text
ADJ008,B3_A,ambiguous,image/B3.png,A creative poster using expressive typography and distorted letterforms.,illegible or distorted text
ADJ009,B4_A,ambiguous,image/B4.png,A creative poster using expressive typography and distorted letterforms.,illegible or distorted text
ADJ010,B5_A,ambiguous,image/B5.png,A creative poster using expressive typography and distorted letterforms.,illegible or distorted text
ADJ011,C1_A,ambiguous,image/C1.png,A strange poetic landscape with unusual water movement and dreamlike atmosphere.,upward-flowing water or reversed gravity
ADJ012,C2_A,ambiguous,image/C2.png,A strange poetic landscape with unusual water movement and dreamlike atmosphere.,upward-flowing water or reversed gravity
ADJ013,C3_A,ambiguous,image/C3.png,A strange poetic landscape with unusual water movement and dreamlike atmosphere.,upward-flowing water or reversed gravity
ADJ014,C4_A,ambiguous,image/C4.png,A strange poetic landscape with unusual water movement and dreamlike atmosphere.,upward-flowing water or reversed gravity
ADJ015,C5_A,ambiguous,image/C5.png,A strange poetic landscape with unusual water movement and dreamlike atmosphere.,upward-flowing water or reversed gravity
ADJ016,D1_A,ambiguous,image/D1.png,An artistic scene of a person and chair forming an unusual visual relationship.,human-chair fusion
ADJ017,D2_A,ambiguous,image/D2.png,An artistic scene of a person and chair forming an unusual visual relationship.,human-chair fusion
ADJ018,D3_A,ambiguous,image/D3.png,An artistic scene of a person and chair forming an unusual visual relationship.,human-chair fusion
ADJ019,D4_A,ambiguous,image/D4.png,An artistic scene of a person and chair forming an unusual visual relationship.,human-chair fusion
ADJ020,D5_A,ambiguous,image/D5.png,An artistic scene of a person and chair forming an unusual visual relationship.,human-chair fusion
ADJ021,E1_A,ambiguous,image/E1.png,A stylized tabletop scene with repeated cup-like shapes and visual rhythm.,duplicated cups / excessive repetition
ADJ022,E2_A,ambiguous,image/E2.png,A stylized tabletop scene with repeated cup-like shapes and visual rhythm.,duplicated cups / excessive repetition
ADJ023,E3_A,ambiguous,image/E3.png,A stylized tabletop scene with repeated cup-like shapes and visual rhythm.,duplicated cups / excessive repetition
ADJ024,E4_A,ambiguous,image/E4.png,A stylized tabletop scene with repeated cup-like shapes and visual rhythm.,duplicated cups / excessive repetition
ADJ025,E5_A,ambiguous,image/E5.png,A stylized tabletop scene with repeated cup-like shapes and visual rhythm.,duplicated cups / excessive repetition
ADJ026,F1_A,ambiguous,image/F1.png,A strange interior scene with an unusual spatial composition.,impossible room geometry
ADJ027,F2_A,ambiguous,image/F2.png,A strange interior scene with an unusual spatial composition.,impossible room geometry
ADJ028,F3_A,ambiguous,image/F3.png,A strange interior scene with an unusual spatial composition.,impossible room geometry
ADJ029,F4_A,ambiguous,image/F4.png,A strange interior scene with an unusual spatial composition.,impossible room geometry
ADJ030,F5_A,ambiguous,image/F5.png,A strange interior scene with an unusual spatial composition.,impossible room geometry
ADJ031,G1_A,ambiguous,image/G1.png,A whimsical street scene with unusual scale relationships between people and everyday objects.,giant teacup and tiny people
ADJ032,G2_A,ambiguous,image/G2.png,A whimsical street scene with unusual scale relationships between people and everyday objects.,giant teacup and tiny people
ADJ033,G3_A,ambiguous,image/G3.png,A whimsical street scene with unusual scale relationships between people and everyday objects.,giant teacup and tiny people
ADJ034,G4_A,ambiguous,image/G4.png,A whimsical street scene with unusual scale relationships between people and everyday objects.,giant teacup and tiny people
ADJ035,G5_A,ambiguous,image/G5.png,A whimsical street scene with unusual scale relationships between people and everyday objects.,giant teacup and tiny people
ADJ036,H1_A,ambiguous,image/H1.png,An artistic scene about time and memory with deformed clock-like objects in a dreamlike setting.,soft melting clocks / deformed clocks
ADJ037,H2_A,ambiguous,image/H2.png,An artistic scene about time and memory with deformed clock-like objects in a dreamlike setting.,soft melting clocks / deformed clocks
ADJ038,H3_A,ambiguous,image/H3.png,An artistic scene about time and memory with deformed clock-like objects in a dreamlike setting.,soft melting clocks / deformed clocks
ADJ039,H4_A,ambiguous,image/H4.png,An artistic scene about time and memory with deformed clock-like objects in a dreamlike setting.,soft melting clocks / deformed clocks
ADJ040,H5_A,ambiguous,image/H5.png,An artistic scene about time and memory with deformed clock-like objects in a dreamlike setting.,soft melting clocks / deformed clocks
ADJ041,A6,no_issue,image/A6.png,No-issue control for Anatomy / Hands. The image should not contain the target anomaly.,none
ADJ042,A7,no_issue,image/A7.png,No-issue control for Anatomy / Hands. The image should not contain the target anomaly.,none
ADJ043,A8,no_issue,image/A8.png,No-issue control for Anatomy / Hands. The image should not contain the target anomaly.,none
ADJ044,B6,no_issue,image/B6.png,No-issue control for Text. The image should not contain the target anomaly.,none
ADJ045,B7,no_issue,image/B7.png,No-issue control for Text. The image should not contain the target anomaly.,none
ADJ046,B8,no_issue,image/B8.png,No-issue control for Text. The image should not contain the target anomaly.,none
ADJ047,C6,no_issue,image/C6.png,No-issue control for Physics. The image should not contain the target anomaly.,none
ADJ048,C7,no_issue,image/C7.png,No-issue control for Physics. The image should not contain the target anomaly.,none
ADJ049,C8,no_issue,image/C8.png,No-issue control for Physics. The image should not contain the target anomaly.,none
ADJ050,D6,no_issue,image/D6.png,No-issue control for Object Fusion. The image should not contain the target anomaly.,none
ADJ051,D7,no_issue,image/D7.png,No-issue control for Object Fusion. The image should not contain the target anomaly.,none
ADJ052,D8,no_issue,image/D8.png,No-issue control for Object Fusion. The image should not contain the target anomaly.,none
ADJ053,E6,no_issue,image/E6.png,No-issue control for Count / Repetition. The image should not contain the target anomaly.,none
ADJ054,E7,no_issue,image/E7.png,No-issue control for Count / Repetition. The image should not contain the target anomaly.,none
ADJ055,E8,no_issue,image/E8.png,No-issue control for Count / Repetition. The image should not contain the target anomaly.,none
ADJ056,F6,no_issue,image/F6.png,No-issue control for Spatial / Impossible Geometry. The image should not contain the target anomaly.,none
ADJ057,F7,no_issue,image/F7.png,No-issue control for Spatial / Impossible Geometry. The image should not contain the target anomaly.,none
ADJ058,F8,no_issue,image/F8.png,No-issue control for Spatial / Impossible Geometry. The image should not contain the target anomaly.,none
ADJ059,G6,no_issue,image/G6.png,No-issue control for Scale / Proportion. The image should not contain the target anomaly.,none
ADJ060,G7,no_issue,image/G7.png,No-issue control for Scale / Proportion. The image should not contain the target anomaly.,none
ADJ061,G8,no_issue,image/G8.png,No-issue control for Scale / Proportion. The image should not contain the target anomaly.,none
ADJ062,H6,no_issue,image/H6.png,No-issue control for Artistic Deformation. The image should not contain the target anomaly.,none
ADJ063,H7,no_issue,image/H7.png,No-issue control for Artistic Deformation. The image should not contain the target anomaly.,none
ADJ064,H8,no_issue,image/H8.png,No-issue control for Artistic Deformation. The image should not contain the target anomaly.,none
ADJ065,C3_P,permitted,image/C3.png,"A dream world with reversed gravity, where water flows upward and physical laws are intentionally inverted.",upward-flowing water or reversed gravity
ADJ066,C3_V,violating,image/C3.png,"A realistic landscape with normal gravity and physically plausible water movement. Rivers, rain, and waterfalls should move naturally downward.",upward-flowing water or reversed gravity
ADJ067,A1_P,permitted,image/A1.png,A surreal portrait of an alien-human performer with six elegant fingers on each hand. The unusual hands are an intentional part of the character design.,six fingers / extra fingers
ADJ068,A4_P,permitted,image/A4.png,A surreal portrait of an alien-human performer with six elegant fingers on each hand. The unusual hands are an intentional part of the character design.,six fingers / extra fingers
ADJ069,D5_P,permitted,image/D5.png,A surreal human-chair hybrid sculpture in which the human body and chair intentionally merge into a single artistic form.,human-chair fusion
ADJ070,A1_V,violating,image/A1.png,A realistic studio portrait of a human performer with natural anatomy. Both hands should be visible and each hand should have exactly five fingers.,six fingers / extra fingers
ADJ071,A3_V,violating,image/A3.png,A realistic studio portrait of a human performer with natural anatomy. Both hands should be visible and each hand should have exactly five fingers.,six fingers / extra fingers
ADJ072,A5_V,violating,image/A5.png,A realistic studio portrait of a human performer with natural anatomy. Both hands should be visible and each hand should have exactly five fingers.,six fingers / extra fingers
ADJ073,B1_V,violating,image/B1.png,"A clean professional advertisement poster with large readable text. The text should be clear, correctly formed, and easy to read.",illegible or distorted text
ADJ074,B2_V,violating,image/B2.png,"A clean professional advertisement poster with large readable text. The text should be clear, correctly formed, and easy to read.",illegible or distorted text
ADJ075,B3_V,violating,image/B3.png,"A clean professional advertisement poster with large readable text. The text should be clear, correctly formed, and easy to read.",illegible or distorted text
ADJ076,B4_V,violating,image/B4.png,"A clean professional advertisement poster with large readable text. The text should be clear, correctly formed, and easy to read.",illegible or distorted text
ADJ077,B5_V,violating,image/B5.png,"A clean professional advertisement poster with large readable text. The text should be clear, correctly formed, and easy to read.",illegible or distorted text
ADJ078,D4_V,violating,image/D4.png,"A realistic office or interior scene where a person and a chair are clearly separate objects, with normal body posture and normal furniture structure.",human-chair fusion
ADJ079,D5_V,violating,image/D5.png,"A realistic office or interior scene where a person and a chair are clearly separate objects, with normal body posture and normal furniture structure.",human-chair fusion
